rep,permuted_gain_vs_NoIV_pct,current_gain_vs_permuted_pct
0,-5.059452314911872,6.817135422882115
1,-3.3590369780821305,5.284133793907387
2,-6.09451413913098,7.7262307382975015
3,-4.65444793276657,6.456525155090831
4,-5.6823917610482555,7.36639704614589
5,-3.663898883461636,5.562680710937018
6,-5.723229809709829,7.402178922957026
7,-5.072439663470107,6.8286531752612785
8,-5.26530098815936,6.999356618874886
9,-5.709006211755341,7.389719490921287
10,-5.670149677981207,7.355665271225387
11,-3.66209842314964,5.561040471660195
12,-5.53249626815715,7.234822791162243
13,-3.706921135315877,5.601857518911013
14,-6.893041497252805,8.415547163018966
15,-4.267210603135885,6.109114639418822
16,-3.0215037733019035,4.973812660035881
17,-5.274732624836975,7.0076886113415
18,-4.746730004182642,6.538937137076339
19,-4.352542857833552,6.185892077936006
20,-3.6526491865510824,5.552431178219964
21,-4.780919802401362,6.5694332893015295
22,-4.577792342042075,6.387957726365556
23,-3.4067308719371914,5.327819233250963
24,-3.6090061448878608,5.512647192884613
25,-5.2602052198470695,6.994854350134516
26,-3.221646881956941,5.158065063600093
27,-5.493223137235148,7.200288070910254
28,-3.8895405257007187,5.767792714563303
29,-4.053189292000314,5.915995615145942
30,-5.739350837296708,7.416296392151301
31,-4.224191056262261,6.070360264807306
32,-5.098287342517982,6.85156756454467
33,-4.2937052900032135,6.1329666024918295
34,-5.370549961563964,7.092249958099172
35,-6.100556886637176,7.731486008443611
36,-4.112312703909504,5.969424140560919
37,-4.522308422206067,6.338265338897287
38,-3.3564595859393087,5.281771871582086
39,-3.23999446824621,5.1749201650949095
40,-4.814700673731975,6.599545152733977
41,-4.592674117040341,6.401277142491068
42,-4.395669135440516,6.224647069356637
43,-4.9923402739141975,6.757572104153686
44,-4.306901043944245,6.144841619997776
45,-5.265522607301598,6.999552416343057
46,-4.771436339060409,6.560976353086034
47,-3.02540241404905,4.977408598099009
48,-4.447296312786064,6.270999219649687
49,-6.44764115575116,8.032337670286783
50,-5.189849193640206,6.9326480392131185
51,-5.254038407196071,6.989405197612875
52,-4.556164046297551,6.368593311517234
53,-5.100952315813934,6.853929465931197
54,-5.169250100094636,6.914419297568076
55,-3.6281277826661684,5.530082159371674
56,-5.85902539329648,7.520963080522169
57,-4.824559011927443,6.60832909878798
58,-4.5618911965154885,6.373721768214846
59,-4.77949730932794,6.568164870026716
60,-3.4710410363550936,5.386660658348563
61,-4.489760626157402,6.309090393725181
62,-4.663892586383622,6.464966325165955
63,-5.1753703026134135,6.919835989744549
64,-5.542091909925229,7.2432567855330365
65,-3.7412762362869723,5.633118535105142
66,-5.019179784930605,6.78140185768854
67,-4.327061509024066,6.1629784640314655
68,-6.073077875127564,7.707583170808096
69,-5.673707435134223,7.3587843635007255
70,-3.2293359577033165,5.165129400640467
71,-6.166102006509155,7.788450997227092
72,-6.148300113115179,7.772986405111226
73,-5.257855736810879,6.992778362452157
74,-4.661531815203479,6.4628565260066555
75,-4.397079827964934,6.225914233050989
76,-5.604121876326684,7.297740432220989
77,-4.522736303804309,6.338648759138065
78,-4.297648455467518,6.136515419265853
79,-5.987628526351485,7.633175175981933
80,-4.356962284518917,6.189865023898955
81,-5.753574171429077,7.428748443648803
82,-3.830619359591525,5.714318396750828
83,-4.272737860330045,6.114091578571124
84,-5.392798461653059,7.111862854950357
85,-5.648886951558496,7.337019820233969
86,-5.0328488897236845,6.793533441284905
87,-4.6216325831574645,6.427184551671672
88,-3.8335376889963024,5.716968375584219
89,-6.553473385313402,8.123682817870904
90,-3.121981477411939,5.066402164208094
91,-5.6136429370471586,7.306097532854238
92,-4.204718756894521,6.052808026422651
93,-6.892253130537385,8.414871696536096
94,-4.680661650496565,6.479949942500507
95,-5.191880622187184,6.934445323133209
96,-5.089149697652817,6.84346818132775
97,-5.830234903375198,7.495804705103359
98,-3.8263231421181043,5.710416960385379
99,-3.752411551253343,5.643246540149027
100,-6.290727591056688,7.896568783763636
101,-3.46478058160109,5.3809357872692924
102,-5.804169068675846,7.473015441837283
103,-5.766813567494045,7.440336080850352
104,-5.63861260600762,7.328007476596965
105,-5.1878966917444425,6.930920519347705
106,-5.998895641079449,7.64299327461454
107,-3.391153961053339,5.313555922837187
108,-4.925162649612447,6.697874271603366
109,-3.412492687437707,5.333094066343492
110,-5.148131156150915,6.89572311020642
111,-3.591926356544084,5.4970685272118125
112,-4.978561084293842,6.745333366249784
113,-4.973534710743754,6.7408681189750075
114,-5.808458621701007,7.476766554098924
115,-5.0554062908741315,6.813546648888513
116,-3.6743264590686664,5.572179227306928
117,-6.202285511838701,7.819867807691261
118,-5.538793995787761,7.240358289508853
119,-4.390440532901652,6.219950144562436
120,-5.036706059508833,6.796956179678726
121,-5.23638040199248,6.973798602624182
122,-6.174970560750381,7.796153218566815
123,-6.084764437568557,7.71775033381047
124,-5.827531720921653,7.493441844385229
125,-4.697181486367219,6.494706174288522
126,-4.2589515922680565,6.10167694864272
127,-4.933333347221347,6.705139298180496
128,-4.938648344616858,6.7098645538367085
129,-4.927625845050709,6.700064556274576
130,-7.717714776949114,9.11670621793077
131,-3.597548524547567,5.50219713657688
132,-4.432652948229832,6.25785670254253
133,-5.707993728403782,7.3888324589770455
134,-4.364572236704389,6.196705378114764
135,-3.5090372625383504,5.421391440671064
136,-4.6008113122928185,6.40855845392373
137,-4.655381663467817,6.457359745849334
138,-3.1149292596373,5.059909482586966
139,-3.3983187912386192,5.320117076834585
140,-4.2054367135129445,6.053455305589517
141,-4.778139779562207,6.5669543456031825
142,-3.8750211821187763,5.754621215019984
143,-5.408227498616802,7.125459274656043
144,-4.566390085527017,6.377749967275581
145,-3.75376326962098,5.644475832974106
146,-4.6971314501423445,6.494661486799536
147,-4.878977388953998,6.656787076590276
148,-3.8885812690196975,5.7669226201477075
149,-6.162322573811707,7.785168219166705
150,-5.27150523492832,7.00483767417015
151,-5.411514155983732,7.128355037950218
152,-5.620507571386368,7.312122023367895
153,-6.758373685130348,8.300020132564534
154,-3.400951604597058,5.322527832796375
155,-5.449572111116274,7.161873475496138
156,-3.901585229562876,5.778716503921489
157,-5.233875340863259,6.971584141545318
158,-5.869616906162389,7.530214959748549
159,-4.822151680746711,6.606184278463489
160,-3.864313604057079,5.7449052720240035
161,-4.77092189322359,6.560517549098788
162,-7.323642678458375,8.782999968267301
163,-4.6862980738042515,6.4849851629599
164,-4.5784114614248805,6.38851192325024
165,-2.5979104512013906,4.581480514041303
166,-4.735568622786479,6.528977248740208
167,-4.514074050020778,6.3308859922424965
168,-3.9168137076038168,5.7925241515534465
169,-4.165928030475685,6.017822692056896
170,-5.776090310534321,7.448453720815584
171,-4.451141654709456,6.27444982871368
172,-4.556316087005263,6.368729465753232
173,-4.607172184584352,6.414249490157886
174,-4.430219151041359,6.2556719961744385
175,-5.502648413879463,7.208578506938112
176,-4.071494558219557,5.932544169142872
177,-4.593492506618779,6.402009503726047
178,-4.433333121650707,6.258467244333921
179,-7.092704854774268,8.586296976229812
180,-5.0858981862719865,6.8405857819893505
181,-6.595276735678701,8.15971385034302
182,-5.65077362222548,7.338674559907199
183,-4.407281720550027,6.235077129876698
184,-3.8792284654644016,5.758438311261682
185,-5.584809480628827,7.280784368866177
186,-4.004109040156978,5.871596728676421
187,-5.423453602167205,7.138872963223076
188,-5.1810333562758215,6.924847520311195
189,-3.33687428895324,5.263820054859791
190,-2.365530132047744,4.364870626096462
191,-5.09037296721655,6.844552538979343
192,-5.4804924774376484,7.189087880864431
193,-4.746720275699201,6.538928456762516
194,-4.7886258063617015,6.576304038025915
195,-6.0068668339864795,7.649938065446604
196,-3.937551469249434,5.8113205552763
197,-6.481374231883352,8.061472832914497
198,-3.6258747637546884,5.528028207962854
199,-4.13299080338807,5.988096163583078
200,-5.506730648596836,7.212168764734617
201,-5.031818651044762,6.792619195409633
202,-5.1154264090568,6.866755413141545
203,-3.8914723531020323,5.769544931140813
204,-5.985868673486361,7.631641461880767
205,-4.558258722577846,6.370469083829011
206,-4.216030482618893,6.06300516081032
207,-4.367274727117776,6.1991343244020225
208,-6.935022815814307,8.451502044671278
209,-3.7090975353790023,5.603838522777959
210,-4.161386342524209,6.013724842197943
211,-4.404186848305081,6.232297639263351
212,-5.780632094528548,7.452427502435244
213,-4.558742598436183,6.370902381595533
214,-4.298562607126999,6.137338109991863
215,-3.1831185582138266,5.122651317391281
216,-5.590945331224129,7.286172248031786
217,-5.765817749970226,7.439464603304103
218,-4.049668658187411,5.91281218043288
219,-6.155293142832363,7.779061902881546
220,-5.445447587382679,7.158242090121103
221,-6.843309301985379,8.372917484832222
222,-5.981709135336644,7.628016216408707
223,-6.204943843810362,7.822175095692085
224,-6.431465794181124,8.018360504982947
225,-5.054719097510341,6.812937089290538
226,-4.802751810623995,6.58889629829158
227,-3.933399177486674,5.807557579361933
228,-5.685682829419991,7.369281670748585
229,-6.631742712728794,8.19112143763181
230,-3.798356205753195,5.685012022724168
231,-5.059846745649588,6.817485263350742
232,-5.131996007813355,6.881433917805224
233,-4.428180452882846,6.253841873423638
234,-3.925920935977234,5.800779733888506
235,-3.3788660983299357,5.302301262474796
236,-6.656444709607556,8.212384687479169
237,-6.734760406889029,8.279733047728454
238,-4.794137806501331,6.5812179715337145
239,-6.201226328701681,7.818948461983489
240,-4.85424275625701,6.634767842787948
241,-5.768916500050758,7.44217638268132
242,-6.727398469939327,8.27340628597848
243,-2.398671444270395,4.395822919103121
244,-4.487943415880213,6.307460960909783
245,-5.078569100559593,6.834088040941255
246,-4.3167016227996236,6.153659334384609
247,-4.75188171382952,6.543533562947457
248,-4.944067860978718,6.714682238397218
249,-4.339719750168758,6.174362543361411
250,-5.49756339927181,7.204105932230664
251,-4.99896585936741,6.763455835186949
252,-5.907558798840684,7.563342705301124
253,-1.4519906355589862,3.5037099195637023
254,-5.235122226298206,6.972686394997563
255,-2.9047297183314225,4.865979004047027
256,-4.624885426886505,6.4300937806251675
257,-5.525722498076413,7.228868129426369
258,-4.797678940568839,6.584374610449095
259,-6.331824409662912,7.932166386143913
260,-4.965747567495327,6.733949459926592
261,-4.676742082845298,6.476448131537948
262,-3.242084938942602,5.17684020623701
263,-4.515235674301388,6.331927068373389
264,-4.947203690592117,6.717469610062632
265,-5.172929145701377,6.917675516630495
266,-4.474661622552389,6.295549891560048
267,-4.59264862874651,6.401254333318695
268,-3.504276934155781,5.417041618151231
269,-5.60901231448967,7.302033197185354
270,-4.65000699439988,6.452555534654825
271,-5.685146344169567,7.368811453165147
272,-6.969744304368453,8.481217925031437
273,-5.61515424817165,7.30742394597147
274,-6.492163644121041,8.070787721786942
275,-3.9200853111394762,5.795489983520852
276,-5.550145143207952,7.250333911676621
277,-2.8951805297304123,4.857150089960038
278,-4.174162426567474,6.025251467633252
279,-2.557166997606708,4.54357307047043
280,-3.6282294662213443,5.530174856478953
281,-4.854893355220846,6.635347151214632
282,-4.673318256740333,6.473389010229392
283,-4.626829979820335,6.431832833941542
284,-4.0349618112341945,5.899511595250429
285,-4.7555756886894285,6.546829099583517
286,-6.024265167569687,7.66509249430708
287,-4.865096150217241,6.644431016560636
288,-4.076983353381491,5.937505083456718
289,-3.0414930009220242,4.992246982300541
290,-5.117767799036033,6.868829860213399
291,-4.272605095404547,6.113972038490334
292,-3.847390988262589,5.729545784033241
293,-4.230268717142471,6.075837296613306
294,-5.334651077971619,7.060586260831014
295,-4.478524165947539,6.2990141202879375
296,-5.424121343456978,7.139461132305714
297,-4.399206214701135,6.227824208992416
298,-6.463699635738962,8.046209636695057
299,-5.233883622524971,6.971591462665138
300,-5.635845885917723,7.325580294220247
301,-3.441489333485781,5.35963102730096
302,-5.634887378639375,7.324739387319035
303,-6.323598084978244,7.925043039060464
304,-6.057156914845474,7.693728529165611
305,-4.13510103109187,5.990001251512112
306,-5.343255504649158,7.0681775429415
307,-3.831391462431144,5.715019516532394
308,-4.369394521817149,6.201039466984925
309,-5.6018071817890425,7.295708483908969
310,-5.8189864395642,7.485971591707063
311,-6.011260164075671,7.653765246683831
312,-6.152999448593621,7.777069244779533
313,-5.447671530592513,7.160200168418108
314,-5.463638949386684,7.174256311174454
315,-5.450788704573317,7.162944555747719
316,-4.1197860718900525,5.976173338972968
317,-2.7373647992415373,4.711000357691885
318,-4.397434856974614,6.226233134763937
319,-5.141039685944593,6.889443486116543
320,-4.385236095952605,6.215274460770326
321,-3.3022338056884815,5.2320520384766205
322,-5.344219387427174,7.069027854270549
323,-2.8944512412627965,4.856475742778265
324,-3.253226409875709,5.187072036421503
325,-6.3272158926300115,7.928175910367507
326,-5.4292448744454935,7.14397386356036
327,-4.264085601604073,6.106300543281284
328,-4.902044607824441,6.677312589993045
329,-3.937161250987775,5.81096693639428
330,-6.00632160747161,7.649463077713281
331,-6.076035649904421,7.710156609577002
332,-5.192799515243229,6.935258280791368
333,-4.527575597983313,6.342984981701971
334,-7.3165074178707545,8.776935131823137
335,-3.1399927897287405,5.082980395733328
336,-5.074639437110284,6.830603749385178
337,-5.7622742634153346,7.436363431218163
338,-5.1292290361514725,6.878983063405286
339,-5.799531187256424,7.468959382442108
340,-4.87491514841869,6.6531715067212005
341,-5.390647915297153,7.109967428280195
342,-5.7652436147891395,7.438962148452822
343,-6.39021102392785,7.982692924588419
344,-3.8274216565372443,5.71141456260732
345,-6.072854837250485,7.7073891088612285
346,-5.82282102965066,7.48932392509547
347,-4.373328017670564,6.204574448855471
348,-3.683741456120493,5.580753740935595
349,-3.8819056001930363,5.76086700523123
350,-5.292785858851645,7.023632837200566
351,-5.320253652811768,7.047881313707349
352,-4.3194943442439016,6.156171680611877
353,-4.881410558344768,6.658952568523624
354,-5.343055307121425,7.068000932143093
355,-4.084067195392804,5.9439068687744285
356,-5.807126089390913,7.475601318801861
357,-4.263815209498523,6.106057044469704
358,-4.783722180727756,6.571932034237515
359,-6.166832878252015,7.789085798263384
360,-6.586935424643969,8.152526586826703
361,-4.385062919177907,6.215118870153901
362,-4.7920029953828935,6.579314854417473
363,-4.1977952488401415,6.0465656281189055
364,-5.291607122084452,7.022591969220205
365,-3.342066679121136,5.268580044911264
366,-6.296590573679461,7.90164891675571
367,-5.135470758152483,6.88451150681243
368,-4.794870588001254,6.581871205368827
369,-4.963759314391969,6.732182788118768
370,-4.433024385369166,6.2581901154044495
371,-4.043716622319549,5.907429728375324
372,-3.76393065919447,5.653721332508688
373,-3.6847896144586834,5.581708233109605
374,-3.9789108727024125,5.848785725483996
375,-4.468521511271595,6.290042435889687
376,-3.3740720030987825,5.297909544347402
377,-3.6704185503744213,5.568619722995704
378,-4.503462122366408,6.321374251280886
379,-3.9491928687586775,5.821868862736935
380,-5.106418754394815,6.8587738634443
381,-5.150156127086758,6.897516102833801
382,-5.1832223986431725,6.926784573079492
383,-3.883759312876678,5.76254861819252
384,-4.644417806620926,6.447559049946728
385,-4.316741872689334,6.153695544342808
386,-5.898013992101436,7.555011198446193
387,-3.7750018233891014,5.663786599903798
388,-4.619786657610803,6.425533540366568
389,-5.150269915917516,6.897616854099509
390,-4.395372423810118,6.224380541854391
391,-3.0078996187539397,4.961262642576447
392,-7.384794930821448,8.834945171583442
393,-5.408999854616736,7.126139787789354
394,-3.5670774008170536,5.474394341368427
395,-4.074113093100262,5.934910933623594
396,-4.684135417156732,6.483053247797466
397,-5.590861810554237,7.286098912888295
398,-4.46655895422583,6.288281957327769
399,-5.761178602423711,7.435404493664965
400,-5.331484270678888,7.057792023046849
401,-5.774334514450663,7.446917415782428
402,-3.3507769517778785,5.276563889070984
403,-5.433177145882762,7.147437053319394
404,-3.996405152036986,5.86462384642481
405,-5.326463620340527,7.053361699347671
406,-3.8705019956075226,5.750520797323233
407,-7.078745430907696,8.574379740716953
408,-3.377054701780491,5.3006419475984945
409,-4.408457313207514,6.236132881083956
410,-4.274569778329762,6.115740986340656
411,-4.330851022525972,6.16638681982079
412,-4.949192611379205,6.719237432750436
413,-4.347985047391467,6.181794376188254
414,-5.060096376002132,6.8177066717141965
415,-5.040150153266065,6.8000121541885505
416,-3.9431276073767174,5.816373405798492
417,-4.781351460754135,6.569818186842591
418,-4.675786480151634,6.475594339452018
419,-5.044937509290137,6.80425968418702
420,-3.1928477707371616,5.131596529282678
421,-2.4651360557262247,4.457837129280717
422,-4.0224527848913505,5.8881957162568614
423,-5.591843601441271,7.286960964918876
424,-3.86392775969433,5.7445551235388965
425,-4.2641798748360715,6.106385439767514
426,-5.1366372227811485,6.885544599810045
427,-5.658280372762348,7.345257910043513
428,-2.8727556697899947,4.8364102442188255
429,-4.893420461873665,6.669639768635916
430,-6.684262313102174,8.236318034658218
431,-2.105222553631503,4.121057936439298
432,-4.633946023604252,6.438196305832234
433,-4.176529643194837,6.027386867881656
434,-5.362545313485501,7.085191531021184
435,-5.256189635583053,6.991306150255383
436,-2.7222775213924244,4.697004838431029
437,-6.506877323544713,8.083487530410771
438,-4.340980021588603,6.175495806335485
439,-4.2592706444323,6.101964294439444
440,-3.4131144246208667,5.333663219837826
441,-5.396462573279148,7.115092114215127
442,-6.20301609333489,7.820501924323475
443,-5.0210875115040965,6.783095189961442
444,-6.151988166047384,7.776190660761961
445,-4.1297009361402015,5.98512595738292
446,-4.487961279629693,6.307476979023486
447,-4.859254087921094,6.639229863315399
448,-4.423163189756951,6.249337612797956
449,-6.319912028926722,7.921850848192125
450,-4.991707968996217,6.757010558419618
451,-4.391066343991024,6.220512343965289
452,-5.313120351350942,7.041585274982065
453,-3.829091342475466,5.712930826721784
454,-5.143706350674515,6.8918049649501985
455,-4.1634616183133355,6.015597355249202
456,-6.018658269110766,7.660209274135754
457,-4.399847214278907,6.228399956243891
458,-6.029394974746527,7.669559748612443
459,-3.7458538162297383,5.637282286503053
460,-4.801255168260576,6.587562316033568
461,-3.4425458165799228,5.360597611688977
462,-5.0551781986549305,6.813344325639836
463,-6.7633769988515,8.304317521616811
464,-5.973799701315574,7.621121964120004
465,-5.151660393949031,6.898847997934632
466,-3.008037457975643,4.961389817755302
467,-5.974413612458851,7.621657116150549
468,-3.0769222285026654,5.02490270417133
469,-6.532860285976705,8.105905620791209
470,-5.3661303641830305,7.0883529292595115
471,-3.0999320902882266,5.046099263834758
472,-5.637145654606468,7.3267205683940295
473,-5.128998499171722,6.878778858682477
474,-4.4234530698831875,6.249597865193857
475,-3.8978897757171005,5.775365228884044
476,-6.462635087582225,8.045290166329167
477,-5.976276780808654,7.623281219297939
478,-5.704053188000935,7.3853800081348675
479,-3.9572768481978438,5.82919239119799
480,-4.183785750649305,6.033931795902381
481,-3.0549909572624045,5.004690925969058
482,-5.157505342053947,6.904022820218492
483,-3.690427436494925,5.586841913615215
484,-5.6254588939989025,7.316466881046524
485,-4.670984928132671,6.471304112326215
486,-5.030794770550306,6.791710574091914
487,-3.9193592099808994,5.7948317615650335
488,-5.860340907245654,7.5221123065876805
489,-4.235063962988139,6.080158198178342
490,-6.1944562587561425,7.813071769465319
491,-5.005712290977038,6.769446118524913
492,-5.794517493529572,7.464574256361168
493,-5.274854920018379,7.007796638197461
494,-4.769163722455971,6.558949505976663
495,-3.3741583622878712,5.297988658855967
496,-5.156506952715301,6.903138937387254
497,-5.502564691238709,7.208504871355236
498,-2.76788857022221,4.739302774356502
499,-4.845149283557326,6.626670050991912
500,-4.275943986081843,6.116978246552396
501,-4.948340061580381,6.718479664735099
502,-3.7965994908901735,5.683415780246126
503,-4.684335488229663,6.483231975930803
504,-6.8934566439760925,8.415902853504543
505,-5.143941792725548,6.892013456129387
506,-3.7583925858041267,5.648685627903549
507,-3.143878127762312,5.086555835332806
508,-6.549443894849061,8.12020823620766
509,-3.771716091981303,5.660799625505253
510,-4.876514415506361,6.654594957065452
511,-5.194124633984765,6.936430607039224
512,-4.450780927491116,6.2741261417416645
513,-6.47795648043874,8.05852177107571
514,-3.517434394320662,5.429063472387341
515,-6.349172042834006,7.947184453268563
516,-2.368158120170838,4.367325764381258
517,-5.650792572127661,7.338691179972335
518,-5.420204690685848,7.136011105928386
519,-4.594814324897278,6.4031923495054155
520,-4.010615902090486,5.877485363396984
521,-3.910093817564042,5.786431732084196
522,-5.63707420983397,7.326657891332811
523,-2.868585348935193,4.832552286012925
524,-4.349992298451766,6.183599040362775
525,-5.292310875593009,7.023213412292106
526,-4.142315189459511,5.996513522896518
527,-6.161485238377118,7.784440886216625
528,-5.402765556146116,7.120646541368114
529,-6.3515035903129125,7.949202530143529
530,-3.3762662650066,5.299919688427712
531,-5.213865076660462,6.953891386143363
532,-3.971027485889711,5.84164690557466
533,-4.886245295370983,6.663255129043478
534,-6.413958325176727,8.00322747424358
535,-5.866298025691252,7.527316056419886
536,-5.841272875026293,7.505451779987626
537,-4.543842475427229,6.3575578838355735
538,-4.595944400578622,6.404203588294677
539,-5.198737890236682,6.940511702515629
540,-5.188921192684126,6.931826977540279
541,-4.391756614836351,6.221132443179245
542,-3.9959710904834633,5.864230941322946
543,-3.033077431394471,4.984486907855423
544,-5.378652426442931,7.099393547093403
545,-5.330858690594997,7.057240021525302
546,-4.236575900829109,6.081520493146408
547,-5.481094807422515,7.189617860150232
548,-6.354759064880278,7.952020166445884
549,-4.410080120063964,6.237590217830313
550,-5.29473266537932,7.025351888039388
551,-3.26783272877873,5.2004824840446435
552,-5.359733855773374,7.082712158254378
553,-4.028967531216954,5.894089406694292
554,-2.4481256113206395,4.441973348072381
555,-5.0810042770044195,6.83624709371985
556,-4.713676827132418,6.50943588039512
557,-6.91286655778065,8.43252984601457
558,-6.479696833004778,8.060024504388451
559,-6.024447316061843,7.665251124364603
560,-4.421003429387316,6.247398549213057
561,-5.65870309098655,7.345628602157783
562,-5.7323137562951265,7.410134425212633
563,-5.685614386154003,7.369221681989179
564,-4.116945427649732,5.973608067387648
565,-4.954793518375045,6.724215355703023
566,-5.78273429628362,7.454266684137489
567,-2.5133489064976366,4.502771375308178
568,-4.706794187853847,6.503290511951976
569,-4.587864451770862,6.39697283310533
570,-3.4191722170398897,5.339208313701849
571,-4.547104621082676,6.360479775233907
572,-6.1112508024374845,7.740784850104443
573,-5.066443576022461,6.823335934816455
574,-5.215476518065798,6.955316446001358
575,-5.422726794691779,7.138232758180408
576,-4.756533789662654,6.547683820246297
577,-5.505897999405507,7.211436486121681
578,-6.400740213974898,7.991798760805969
579,-2.7546478888428094,4.727027742853219
580,-3.935824346347694,5.809755402679706
581,-3.603750629858471,5.507854126033774
582,-4.22733795823258,6.0731962517388
583,-6.657315673650044,8.213134225492357
584,-6.076669781447297,7.710708322794435
585,-2.8988497753313913,4.860542766207232
586,-4.638476511633316,6.44224721182537
587,-4.27509510903048,6.116213968729422
588,-5.156737037622916,6.903342635060672
589,-6.2397727033260075,7.852393990484097
590,-5.692734193835358,7.375461593673071
591,-2.7625945882941982,4.734395264852854
592,-5.285052279509572,7.016803376637803
593,-5.115657752437763,6.866960385075749
594,-5.203979640956002,6.945148358290332
595,-3.6605635901967526,5.559642176859347
596,-5.511440596702233,7.216310740879162
597,-4.3936900465121775,6.222869282187182
598,-5.3066076564680875,7.035836254997752
599,-6.050911377329715,7.688292439329858
600,-4.769082303532279,6.558876890376797
601,-5.644401739164229,7.33308574383853
602,-4.011576788408444,5.878354891956383
603,-4.518674922879451,6.3350092715000255
604,-5.617201127864568,7.309220344186751
605,-3.784152219634196,5.672103994365385
606,-5.442108268412071,7.155301820350857
607,-6.919614624533543,8.438308985821251
608,-3.8190344457424086,5.703797286586287
609,-6.560661520174427,8.129880408510992
610,-4.633521566402843,6.437816762252324
611,-5.246223351257773,6.9824986979961645
612,-5.195736948907714,6.937856974552458
613,-4.8224570301068415,6.606456336023292
614,-4.011607143306417,5.8783823605535135
615,-3.3385918061929587,5.265394597530026
616,-3.014963821556993,4.967779879392642
617,-3.4143620458888746,5.33480530235706
618,-5.261968241085002,6.996412083186243
619,-4.226765234867869,6.072680126394625
620,-3.9000256743731088,5.7773022281240705
621,-4.754593459161582,6.545952837637403
622,-3.8628963551726736,5.743619125261878
623,-4.549380822073235,6.362518451761856
624,-5.038602267694681,6.798638726578854
625,-6.269522702324659,7.878190579353628
626,-5.499210954568934,7.20555510294425
627,-5.453034594719464,7.1649217565823875
628,-4.2774938030178955,6.118373576376834
629,-4.677359967722472,6.4770001782114335
630,-3.2032084390631654,5.141120458604664
631,-4.511590718623459,6.3286602922012385
632,-3.7438738198777077,5.635481333541104
633,-4.379975002503511,6.210547402681376
634,-3.3405558072192365,5.267195041322714
635,-5.892349757657511,7.550066270026557
636,-5.6831277143531755,7.367042125523415
637,-6.5150330275866475,8.090525446571162
638,-3.596024684066279,5.500807125928942
639,-4.17521299781034,6.026199170695468
640,-4.688364205543216,6.486830777242735
641,-5.440695531131867,7.15405784936104
642,-3.859398226530275,5.740444439568559
643,-5.364874718371326,7.0872456900508585
644,-5.578712328217739,7.275429850169434
645,-4.958599892386606,6.727598046811156
646,-3.7869643721379687,5.674659849337472
647,-5.420556716285518,7.136321202008289
648,-3.851193534049857,5.732997527882744
649,-4.984361572681406,6.7504857775498195
650,-5.870716623263128,7.53117547656712
651,-5.200592828763462,6.942152564277748
652,-3.873844365343304,5.7535534819112
653,-3.7954143701916854,5.68233888742914
654,-5.547291802706034,7.247826539158863
655,-3.057588317925708,5.00708509298785
656,-4.398459709957048,6.227153687853637
657,-5.363072105517275,7.085656084490976
658,-3.3477526259014123,5.273791941625017
659,-3.5770635340593104,5.48350780008896
660,-6.563534579531538,8.132357318720217
661,-4.903298829365932,6.678428353998223
662,-3.6046238502940087,5.508650542928195
663,-3.7517166861394946,5.642614596713969
664,-4.103993909789794,5.96191029817933
665,-5.297152536501137,7.027488571326712
666,-5.310998715560977,7.039712499089113
667,-4.214130283805528,6.061292351178449
668,-5.763168737433544,7.437146272437167
669,-4.600846000019376,6.408589490712224
670,-4.562603621416428,6.374359679759555
671,-4.8648989447267255,6.644255455138682
672,-4.208949536461737,6.056622188852712
673,-6.047046154977553,7.6849278451392
674,-4.571187794097131,6.382045340416209
675,-4.245206234863597,6.089295890015323
676,-6.006225686975597,7.649379513665499
677,-3.173634112884316,5.1139295249069345
678,-6.134710956342326,7.761177946453934
679,-4.280089978540569,6.120710869915791
680,-6.573957955639598,8.141342356061386
681,-4.223270349399,6.069530491728048
682,-6.247419064033766,7.859025622952098
683,-4.910935761178159,6.685221644650907
684,-3.0384888309970215,4.989476954930227
685,-3.776181876472484,5.66485930982129
686,-4.900527567661173,6.675962985103268
687,-4.841531776149122,6.623448248457208
688,-5.151355308005101,6.898577874427836
689,-4.766969265781107,6.556992282832774
690,-4.881433512195987,6.658972996700896
691,-4.310323952967976,6.147921446196836
692,-5.494171246980795,7.201122091503365
693,-4.5258181246532025,6.3414102539550266
694,-3.785689582217122,5.673501260004121
695,-5.484948767578501,7.193008746897666
696,-5.131427123126353,6.880930036827193
697,-4.497333103170864,6.31587977521747
698,-4.3562643091093145,6.189237585116825
699,-4.327647818151004,6.163505817070858
700,-5.786201310714989,7.457299758290759
701,-5.734204117695074,7.4117897864968025
702,-4.945451130962453,6.715911817941556
703,-4.664990491655652,6.465947480432
704,-1.7394137231443008,3.7763207064797855
705,-4.046107238967367,5.909591647460022
706,-4.0380399621995355,5.902295726029216
707,-5.844120737261127,7.5079404560611795
708,-3.772876466507946,5.661854513918341
709,-5.352194759561368,7.076062914976655
710,-5.3227708419944175,7.05010284724461
711,-5.478206663659169,7.187076579493034
712,-3.599767797968423,5.504221431289902
713,-4.21852236309701,6.065251208425504
714,-5.501743155972583,7.207782309970323
715,-6.158789676736354,7.782099368151229
716,-3.674800435735137,5.572610928969479
717,-5.417209134695566,7.133372264694627
718,-4.394736800914534,6.223809575035544
719,-5.832688834755717,7.497949590111597
720,-5.2526962283179435,6.988219129604545
721,-3.547942241114921,5.456926465898649
722,-4.422847311499822,6.24905401781275
723,-3.832930997652939,5.716417483891534
724,-5.213308146577367,6.953398861215543
725,-5.917116978546866,7.571684380443589
726,-2.6162694473371717,4.598551766387137
727,-7.056389910000416,8.55528823794085
728,-5.877147432868335,7.536791885956163
729,-5.4725423538174445,7.182092143318108
730,-4.5840162175669885,6.393528651252723
731,-3.749991656021767,5.641045735559835
732,-3.6548885258037345,5.554471604399458
733,-5.42830970412298,7.143150211923022
734,-5.910325632709257,7.565757548920693
735,-3.8313930209121327,5.715020931724302
736,-4.831983875162593,6.614943686799291
737,-3.4259876173438064,5.345446119144082
738,-1.8201127970358222,3.852584242161594
739,-5.551896371506904,7.251872736136955
740,-5.168328759395191,6.913603809340351
741,-5.154739595998614,6.9015742398440665
742,-5.142212968114701,6.8904825070076114
743,-6.287072802967386,7.893401714481218
744,-4.2930108059974215,6.132341544754382
745,-2.9635965216793014,4.92036944780433
746,-5.265453604863213,6.999491453724904
747,-6.329940607361029,7.930535259521432
748,-3.8642535874047867,5.744850807903279
749,-4.044073587474384,5.907752550884659
750,-5.1082031060776245,6.8603550597608915
751,-5.245490843449407,6.981851296901143
752,-4.725043980732457,6.519583611655078
753,-5.140340249720143,6.888824076896927
754,-4.336349773934534,6.1713320542837735
755,-5.6299130368690165,7.320375108236621
756,-4.170161462415889,6.021642088567769
757,-3.964282600961999,5.835538199385226
758,-4.584497859450076,6.393959736146282
759,-5.126566034888103,6.876624179299185
760,-5.771947886636175,7.444829057142677
761,-6.135390974263322,7.761768927948709
762,-3.8408883455609333,5.723642453554712
763,-4.74420031205649,6.536679945612544
764,-4.022791128489889,5.888501823468372
765,-4.812875641084302,6.597918836517003
766,-4.412442214182688,6.239711379178581
767,-3.812881226587428,5.69820814202232
768,-3.7746360463770223,5.663454090732179
769,-5.522233954308198,7.225801134520838
770,-6.085485144605474,7.718377266577237
771,-3.3029406995938704,5.2327005280974115
772,-3.684791458565795,5.581709912405497
773,-4.741880676385746,6.534610087312254
774,-5.046024170541652,6.805223758749646
775,-3.322003321123712,5.250184830619342
776,-4.845848790764418,6.627293016211833
777,-4.995033744707689,6.759964081633896
778,-5.823780018072089,7.490162268492395
779,-3.5332100794747356,5.443473547359801
780,-4.274435358941697,6.115619960850549
781,-4.3757910260542765,6.206787786998502
782,-5.748891112825794,7.424648952945335
783,-4.334817114733802,6.169953728474664
784,-3.906387643708298,5.783071285517927
785,-6.372456757150102,7.967334627264178
786,-6.0475837891092565,7.6853958589485405
787,-5.824821258386703,7.491072498922247
788,-4.89718554495524,6.672989682730157
789,-4.3732312539720875,6.204487491767264
790,-3.282297760376718,5.21375947386844
791,-2.9769289113844355,4.932679376843218
792,-4.747476862960109,6.539603522723425
793,-3.4860736316717045,5.400404382426228
794,-6.150787726244644,7.775147718605213
795,-4.0276638027181955,5.892910022739494
796,-3.360040686343746,5.285053560354703
797,-4.677851326250848,6.477439175792865
798,-3.9552431128121457,5.827350074273907
799,-3.9607973896554016,5.832381403216025
800,-2.7124912531363954,4.687924534128463
801,-5.2662662816005845,7.00020943634676
802,-5.886925735048298,7.545330552870821
803,-5.398674287924088,7.117041236558963
804,-4.686853379911193,6.485481208615629
805,-5.0338481407864455,6.794420171252558
806,-4.610762213124042,6.417461162725136
807,-5.121352406077295,6.872005605583887
808,-6.00241171306215,7.646056732119932
809,-4.65982703405865,6.46133291983364
810,-5.516002576059154,7.220322239274912
811,-3.28624559274886,5.217382416948957
812,-6.405748148674606,7.996129081974335
813,-3.425597966811922,5.345089513062118
814,-4.620309962606739,6.426001594665099
815,-4.710935501004365,6.506988302929406
816,-3.4492150800329524,5.366698915667712
817,-5.822917619502799,7.489408364201145
818,-5.21686758249682,6.956546582886835
819,-4.317613759129357,6.154479911597321
820,-4.124554562293303,5.980479256217908
821,-6.467609972664645,8.049586910797524
822,-4.386593849718645,6.216494316305421
823,-4.398025758830704,6.226763902395705
824,-6.456215828313416,8.039745340986492
825,-4.850200163282636,6.631168062997528
826,-4.608505838354948,6.4154426148282155
827,-4.410972136890434,6.238391260532095
828,-3.194611573382966,5.13321802035176
829,-5.936180043610673,7.588316724498922
830,-3.9735951905953026,5.843972215629267
831,-5.738422410346722,7.415483469056749
832,-3.7620274215337535,5.651990801647145
833,-6.033672994016248,7.673284899231336
834,-5.74360539075216,7.4200214619997045
835,-5.831640043243436,7.497032894827472
836,-4.842200591777224,6.624043921733403
837,-6.035777581233814,7.675117390385489
838,-4.480612355464864,6.300886864063704
839,-5.0621190663224125,6.819500647739152
840,-3.888867072822433,5.7671818603590825
841,-4.1188824982945516,5.975357373174262
842,-5.355926123763122,7.079353978565406
843,-5.14680586952212,6.8945496094783065
844,-5.544506578807118,7.245378893340293
845,-3.8561018118032253,5.7374526212575
846,-5.088639367626313,6.843015795840246
847,-5.048504857775926,6.8074245239298286
848,-4.68506449958126,6.483883212912711
849,-4.184844192111004,6.034886422108821
850,-5.4780143384268065,7.186907347381732
851,-4.302212235613845,6.140622449195632
852,-5.2680706716505155,7.001803536966911
853,-4.405759170367474,6.233709755111505
854,-4.266650757936485,6.108610505440648
855,-5.229954484862409,6.968117913470307
856,-4.08121532811343,5.941329693886699
857,-2.9100577945743167,4.8709044829362895
858,-5.9401680131669465,7.591795433155513
859,-5.531555902382457,7.233996183452507
860,-4.429309335031872,6.254855270573567
861,-5.782253198451737,7.4538457860161
862,-5.568890318662678,7.2668028615627485
863,-4.4384048548486765,6.263019516502077
864,-4.452911146985894,6.276037593337103
865,-6.595170139753881,8.159622009406641
866,-5.134266597072745,6.883445003465871
867,-4.331208433598244,6.166708268913579
868,-4.349084291411698,6.182782684827681
869,-4.822500881041658,6.606495405823765
870,-7.123599475497988,8.612660837206276
871,-3.405998314703984,5.327148548842564
872,-4.8455770358581285,6.627050998456263
873,-4.559030736712977,6.371160399737585
874,-2.838240127955749,4.8044705410575705
875,-4.84121611389281,6.623167104703787
876,-5.115993638975591,6.867257981408614
877,-3.368841642156939,5.293117712426265
878,-4.809818399904731,6.595194352368939
879,-3.6763897464608064,5.574058456826247
880,-4.537609078141025,6.351974146559513
881,-5.003038391002512,6.76707200459955
882,-4.999787881631934,6.764185765377462
883,-3.3961070783291136,5.318091809875824
884,-4.520832611659209,6.3369428563605945
885,-3.9236422293475126,5.798714252125836
886,-5.378861359230358,7.099577739467544
887,-5.709881636498282,7.390486432760146
888,-3.4699526642008705,5.385665446489407
889,-5.257709376067243,6.9926490359999205
890,-4.5619897386211195,6.373810004204062
891,-5.189848533524843,6.932647455172081
892,-6.224247104866909,7.838925815666553
893,-4.435296952843437,6.260229986926246
894,-3.863689870405085,5.74433924096418
895,-4.9252273344092545,6.697931790935929
896,-3.2578183554864637,5.191288431996577
897,-7.462575271035687,8.900929529042955
898,-5.4942933519783965,7.201229502116813
899,-6.356385765605421,7.9534280228192085
900,-3.5455578600602777,5.454749388310387
901,-4.768084305731213,6.557986790724679
902,-5.3692435171161845,7.091098020302655
903,-6.048066384968465,7.685815957562525
904,-5.056904231654191,6.814875336323611
905,-5.398492378252073,7.116880927733071
906,-4.62195205230751,6.427470281647385
907,-4.866475530553105,6.645658986085213
908,-4.099807148773582,5.958128206561808
909,-4.435218350968162,6.260159434847856
910,-4.147176107542916,6.000900999008662
911,-4.386801998758205,6.216681322193718
912,-5.81793219491995,7.485049891415418
913,-4.515226055212085,6.3319184476049895
914,-4.412055069988696,6.239363730132297
915,-5.843533589635586,7.507427373293618
916,-5.130169669556195,6.879816247062143
917,-4.042178027014454,5.906038269741821
918,-4.880398067675307,6.658051476028337
919,-5.245368107005288,6.981742819758474
920,-5.958842738798187,7.608081925360921
921,-4.885484102974247,6.662577750079746
922,-5.070516093116972,6.826947448029919
923,-5.087442747238402,6.841955026411828
924,-5.495380824605589,7.202186094926521
925,-3.8708297825372107,5.750818221994591
926,-5.163714821029708,6.909519749591986
927,-6.183196960053539,7.803296586657316
928,-3.690057425478166,5.586505006591658
929,-5.966406393791357,7.6146766624692
930,-5.78642316608895,7.457493838918072
931,-4.772658959376264,6.562066718165427
932,-5.87301272399301,7.533180876527112
933,-3.7147616358631286,5.60899371318182
934,-5.006617114515666,6.770249469799239
935,-4.716804146740361,6.5122279334635
936,-4.601963311506396,6.409589192388343
937,-4.1103608288988625,5.96766124271102
938,-4.855982447931728,6.636316888567695
939,-3.6725824496439907,5.570590735870839
940,-4.647495249367717,6.450310212601506
941,-3.47914204766806,5.394067597729746
942,-2.994112865755416,4.948540793134937
943,-4.749229192754756,6.541167003797488
944,-4.785510834797235,6.57352682050748
945,-4.277909053419293,6.118747427208815
946,-6.122661144356001,7.750704589947399
947,-5.1543716809457685,6.901248506242263
948,-3.8312313629802475,5.714874136636528
949,-5.122791934374238,6.873280879772315
950,-4.586166922262658,6.3954535700388
951,-4.394515409565103,6.22361070216122
952,-3.4688336681598875,5.384642210196566
953,-5.6277659840695105,7.318491247054593
954,-4.376606347413325,6.207520437847447
955,-4.140612027428037,5.99497614793898
956,-4.597549504081266,6.405639864205193
957,-5.512452260366607,7.217200359924691
958,-6.66431490604118,8.219157210823258
959,-3.584954722662581,5.490708145622403
960,-6.3270461368474695,7.928028913670849
961,-6.034791599003464,7.674258892035091
962,-4.871897765830124,6.650485724342947
963,-4.341738496528658,6.176177830003271
964,-5.743108213158887,7.4195861741432
965,-4.405028139793421,6.233053215611372
966,-5.928416279625792,7.581543636374011
967,-3.921239546006472,5.796536296387833
968,-5.312648599037084,7.04116886396381
969,-5.126863072834431,6.876887301164524
970,-5.212013287818218,6.952253723861657
971,-4.326352464798888,6.16234070955567
972,-6.028668439294971,7.668927076910648
973,-4.024901233846712,5.890410839233695
974,-5.311633850788433,7.0402731432571475
975,-5.172065379673141,6.916911042248175
976,-5.211610480149109,6.951897486126835
977,-5.640634639216979,7.329781281223391
978,-5.096942452631836,6.850375575684009
979,-5.283360883394028,7.015309584871843
980,-4.81152234107558,6.596712852342456
981,-5.180236428233287,6.924142309887715
982,-4.638958888343092,6.442678505116561
983,-5.435787405286985,7.1497357915524145
984,-3.7685231576120914,5.657896829300057
985,-5.0546142406876715,6.812844077675562
986,-4.996374299231965,6.761154535616976
987,-4.1781972233274844,6.02889108725625
988,-4.940242187093502,6.711281453373308
989,-1.7307355641110744,3.7681123278905493
990,-5.046906638035287,6.806006660057651
991,-5.185055939801297,6.928406985785163
992,-5.440781608220258,7.154133644591754
993,-5.60184781073132,7.295744150683625
994,-4.700734582776134,6.497879345183932
995,-4.321829730525084,6.1582725025567715
996,-4.556010172270408,6.36845551511901
997,-3.9322887546710206,5.806551218024381
998,-4.573925471968909,6.384496198043643
999,-5.5258507130387935,7.2289808472779775
